"","effect","group","term","estimate","std.error","statistic","df","p.value"
"1","fixed",NA,"(Intercept)",5.83639869573878,0.602317922548517,9.68989710789928,153.999991882667,0.0000000000000000124289198912541
"2","fixed",NA,"Feedback1",0.435761387116284,0.141384217966831,3.08210770185477,155.000002997393,0.00243324516425715
"3","fixed",NA,"ADI_NATRANK_c",0.0240907540201105,0.0249663556223391,0.964928737879344,153.999992254448,0.336093316045471
"4","fixed",NA,"siteNorthwestern",0.664940645412054,0.942244737768276,0.705698444108033,153.99999225534,0.481441823045668
"5","fixed",NA,"Feedback1:ADI_NATRANK_c",0.0121344897344343,0.00754784403771537,1.6076762680575,155.000002997,0.109941199577384
"6","ran_pars","ID","sd__(Intercept)",5.19400198537016,NA,NA,NA,NA
"7","ran_pars","Residual","sd__Observation",2.50531615639771,NA,NA,NA,NA
